<?xml version="1.0" encoding="ISO-8859-1" ?>
<!DOCTYPE scenario SYSTEM "sipp.dtd">

<!-- This program is free software; you can redistribute it and/or      -->
<!-- modify it under the terms of the GNU General Public License as     -->
<!-- published by the Free Software Foundation; either version 2 of the -->
<!-- License, or (at your option) any later version.                    -->
<!--                                                                    -->
<!-- This program is distributed in the hope that it will be useful,    -->
<!-- but WITHOUT ANY WARRANTY; without even the implied warranty of     -->
<!-- MERCHANTABILITY or FITNESS FOR A PARTICULAR PURPOSE.  See the      -->
<!-- GNU General Public License for more details.                       -->
<!--                                                                    -->
<!-- You should have received a copy of the GNU General Public License  -->
<!-- along with this program; if not, write to the                      -->
<!-- Free Software Foundation, Inc.,                                    -->
<!-- 59 Temple Place, Suite 330, Boston, MA  02111-1307 USA             -->
<!--                                                                    -->
<!--                 Sipp default 'uac' scenario.                       -->
<!--                                                                    -->

<scenario name="Basic Clinet registration">
  <!-- In client mode (sipp placing calls), the Call-ID MUST be         -->
  <!-- generated by sipp. To do so, use [call_id] keyword.                -->
  <send retrans="500">
    <![CDATA[
		 
      REGISTER sip:[field0]@[remote_ip]:[remote_port] SIP/2.0
      Via: SIP/2.0/[transport] [local_ip]:[local_port];branch=[branch]
      From: <sip:[field0]@ribbon.com>;tag=[call_number]
      To: <sip:[field0]@ribbon.com>
      Call-ID: [call_id]
      CSeq: 1 REGISTER
      Contact: sip:[field0]@[local_ip]:[local_port]
      Max-Forwards: 70
      Expires: 1800
      User-Agent: SIPp/Linux
      Content-Length: 0

    ]]>
  </send>

  <recv response="401"
        auth="true">
  </recv>

  <send retrans="500">
    <![CDATA[

      REGISTER sip:[field0]@[remote_ip] SIP/2.0
      Via: SIP/2.0/[transport] [local_ip]:[local_port];branch=[branch]
      From: <sip:[field0]@ribbon.com>;tag=[call_number]
      To: <sip:[field0]@ribbon.com>
      Call-ID: [call_id]
      CSeq: 1 REGISTER
      Contact: sip:[field0]@[local_ip]:[local_port]
      [authentication username=test123@ribbon.com password=rbbn]		      
      Max-Forwards: 70
      Expires: 1800
      User-Agent: SIPp/Linux
      Content-Length: 0

    ]]>
  </send>

  <!-- By adding rrs="true" (Record Route Sets), the route sets         -->
  <!-- are saved and used for following messages sent. Useful to test   -->
  <!-- against stateful SIP proxies/B2BUAs.                             -->
  <recv response="200" rtd="true">
  </recv>

  <!-- Packet lost can be simulated in any send/recv message by         -->
  <!-- by adding the 'lost = "10"'. Value can be [1-100] percent.       -->
  <!-- This delay can be customized by the -d command-line option       -->
  <!-- or by adding a 'milliseconds = "value"' option here.             -->
  <pause/>


  <!-- The 'crlf' option inserts a blank line in the statistics report. -->
  <!-- definition of the response time repartition table (unit is ms)   -->
  <ResponseTimeRepartition value="10, 20, 30, 40, 50, 100, 150, 200"/>

  <!-- definition of the call length repartition table (unit is ms)     -->
  <CallLengthRepartition value="10, 50, 100, 500, 1000, 5000, 10000"/>

</scenario>

